timestamp,treble_chorale,bruin_singers,bel_canto
2026-05-07T02:33:25Z,18699,7939,17366
2026-05-07T02:55:06Z,18846,7943,17778
2026-05-07T02:55:36Z,18846,7943,17784
2026-05-07T02:57:01Z,18846,7943,17809
2026-05-07T02:57:31Z,18846,7943,17812
2026-05-07T02:58:01Z,18846,7943,17814
2026-05-07T02:58:32Z,18846,7943,17817
2026-05-07T02:59:02Z,18846,7943,17820
2026-05-07T02:59:32Z,18846,7943,17821
2026-05-07T03:00:03Z,18846,7943,17822
2026-05-07T03:00:33Z,18846,7943,17833
2026-05-07T03:01:03Z,18846,7943,17845
2026-05-07T03:01:34Z,18846,7943,17849
2026-05-07T03:02:04Z,18846,7943,17864
2026-05-07T03:02:34Z,18846,7943,17874
2026-05-07T03:03:05Z,18846,7943,17880
2026-05-07T03:03:35Z,18846,7943,17896
2026-05-07T03:04:05Z,18846,7943,17905
2026-05-07T03:04:35Z,18846,7943,17908
2026-05-07T03:05:06Z,18846,7943,17911
2026-05-07T03:05:36Z,18846,7943,17914
2026-05-07T03:06:06Z,18846,7943,17916
2026-05-07T03:06:37Z,18846,7943,17930
2026-05-07T03:07:07Z,18846,7943,17944
2026-05-07T03:07:37Z,18846,7943,17952
2026-05-07T03:08:08Z,18846,7943,17968
2026-05-07T03:08:38Z,18846,7943,17981
2026-05-07T03:09:08Z,18846,7943,17995
2026-05-07T03:09:38Z,18846,7943,18004
2026-05-07T03:10:09Z,18846,7943,18015
2026-05-07T03:10:39Z,18846,7943,18023
2026-05-07T03:11:09Z,18846,7943,18039
2026-05-07T03:11:40Z,18846,7943,18053
2026-05-07T03:12:10Z,18846,7944,18067
2026-05-07T03:12:40Z,18846,7944,18082
2026-05-07T03:13:10Z,18846,7944,18090
2026-05-07T03:13:41Z,18846,7944,18098
2026-05-07T03:14:11Z,18846,7944,18109
2026-05-07T03:14:41Z,18846,7944,18119
2026-05-07T03:15:12Z,18846,7944,18125
2026-05-07T03:15:42Z,18846,7944,18131
2026-05-07T03:16:12Z,18846,7944,18133
2026-05-07T03:16:43Z,18846,7944,18142
2026-05-07T03:17:13Z,18846,7944,18150
2026-05-07T03:17:43Z,18846,7944,18158
2026-05-07T03:18:14Z,18846,7944,18165
2026-05-07T03:18:44Z,18846,7944,18170
2026-05-07T03:19:14Z,18846,7944,18173
2026-05-07T03:19:45Z,18846,7944,18180
2026-05-07T03:20:15Z,18846,7944,18194
2026-05-07T03:20:45Z,18846,7944,18209
2026-05-07T03:21:15Z,18846,7944,18224
2026-05-07T03:21:46Z,18846,7944,18237
2026-05-07T03:22:16Z,18846,7944,18246
2026-05-07T03:22:46Z,18846,7944,18257
2026-05-07T03:23:17Z,18846,7944,18271
2026-05-07T03:23:47Z,18846,7944,18285
2026-05-07T03:24:17Z,18846,7944,18303
2026-05-07T03:24:48Z,18846,7944,18315
2026-05-07T03:25:18Z,18846,7944,18323
2026-05-07T03:25:48Z,18846,7944,18338
2026-05-07T03:26:18Z,18846,7944,18351
2026-05-07T03:26:49Z,18846,7944,18368
2026-05-07T03:27:19Z,18846,7944,18380
2026-05-07T03:27:49Z,18846,7944,18384
2026-05-07T03:28:20Z,18846,7944,18398
2026-05-07T03:28:50Z,18846,7944,18412
2026-05-07T03:29:20Z,18846,7944,18425
2026-05-07T03:29:51Z,18846,7944,18430
2026-05-07T03:30:21Z,18846,7944,18438
2026-05-07T03:30:51Z,18846,7944,18450
2026-05-07T03:31:21Z,18846,7944,18455
2026-05-07T03:31:52Z,18846,7944,18455
2026-05-07T03:32:22Z,18846,7944,18459
2026-05-07T03:32:52Z,18846,7944,18465
2026-05-07T03:33:23Z,18846,7944,18472
2026-05-07T03:33:53Z,18846,7944,18480
2026-05-07T03:34:23Z,18846,7944,18490
2026-05-07T03:34:54Z,18846,7944,18499
2026-05-07T03:35:24Z,18846,7944,18505
2026-05-07T03:35:54Z,18846,7944,18519
2026-05-07T03:36:24Z,18846,7944,18531
2026-05-07T03:36:55Z,18846,7944,18541
2026-05-07T03:37:25Z,18846,7944,18552
2026-05-07T03:37:55Z,18846,7944,18555
2026-05-07T03:38:26Z,18846,7944,18565
2026-05-07T03:38:56Z,18846,7944,18577
2026-05-07T03:39:26Z,18846,7944,18584
2026-05-07T03:39:57Z,18846,7944,18590
2026-05-07T03:40:27Z,18846,7944,18602
2026-05-07T03:40:57Z,18846,7944,18613
2026-05-07T03:41:27Z,18846,7944,18619
2026-05-07T03:41:58Z,18846,7944,18622
2026-05-07T03:42:28Z,18846,7944,18625
2026-05-07T03:42:58Z,18846,7944,18630
2026-05-07T03:43:29Z,18846,7944,18642
2026-05-07T03:43:59Z,18846,7944,18653
2026-05-07T03:44:29Z,18846,7944,18664
2026-05-07T03:44:59Z,18846,7944,18675
2026-05-07T03:45:30Z,18846,7944,18687
2026-05-07T03:46:00Z,18846,7944,18694
2026-05-07T03:46:30Z,18846,7944,18699
2026-05-07T03:47:01Z,18846,7944,18704
2026-05-07T03:47:31Z,18846,7944,18714
2026-05-07T03:48:01Z,18846,7944,18724
2026-05-07T03:48:31Z,18846,7944,18736
2026-05-07T03:49:02Z,18846,7944,18746
2026-05-07T03:49:32Z,18846,7944,18758
2026-05-07T03:50:02Z,18846,7944,18770
2026-05-07T03:50:33Z,18846,7944,18780
2026-05-07T03:51:03Z,18846,7944,18792
2026-05-07T03:51:33Z,18846,7945,18800
2026-05-07T03:52:04Z,18846,7945,18810
2026-05-07T03:52:34Z,18846,7945,18817
2026-05-07T03:53:04Z,18846,7945,18826
2026-05-07T03:53:34Z,18846,7945,18837
2026-05-07T03:54:05Z,18846,7945,18847
2026-05-07T03:54:35Z,18846,7945,18855
2026-05-07T03:55:05Z,18846,7945,18864
2026-05-07T03:55:36Z,18846,7945,18872
2026-05-07T03:56:06Z,18846,7945,18876
2026-05-07T03:56:36Z,18846,7945,18883
2026-05-07T03:57:06Z,18846,7945,18892
2026-05-07T03:57:37Z,18846,7945,18903
2026-05-07T03:58:07Z,18846,7945,18907
2026-05-07T03:58:37Z,18846,7945,18919
2026-05-07T03:59:08Z,18846,7945,18929
2026-05-07T03:59:38Z,18846,7945,18930
2026-05-07T04:00:08Z,18846,7945,18932
2026-05-07T04:00:38Z,18846,7945,18935
2026-05-07T04:01:09Z,18846,7945,18948
2026-05-07T04:01:39Z,18846,7945,18961
2026-05-07T04:02:09Z,18846,7945,18962
2026-05-07T04:02:40Z,18846,7945,18967
2026-05-07T04:03:10Z,18846,7945,18978
2026-05-07T04:03:40Z,18847,7945,18991
2026-05-07T04:04:10Z,18847,7945,18999
2026-05-07T04:04:41Z,18847,7945,19007
2026-05-07T04:05:11Z,18847,7945,19014
2026-05-07T04:05:41Z,18847,7945,19021
2026-05-07T04:06:11Z,18847,7945,19023
2026-05-07T04:06:42Z,18847,7945,19025
2026-05-07T04:07:12Z,18847,7945,19030
2026-05-07T04:07:42Z,18847,7945,19040
2026-05-07T04:08:13Z,18847,7945,19046
2026-05-07T04:08:43Z,18847,7945,19048
2026-05-07T04:09:13Z,18847,7945,19053
2026-05-07T04:09:44Z,18847,7945,19063
2026-05-07T04:10:14Z,18847,7945,19072
2026-05-07T04:10:44Z,18847,7945,19073
2026-05-07T04:11:14Z,18847,7945,19085
2026-05-07T04:11:45Z,18847,7945,19096
2026-05-07T04:12:15Z,18847,7945,19108
2026-05-07T04:12:45Z,18847,7945,19112
2026-05-07T04:13:16Z,18847,7945,19124
2026-05-07T04:13:46Z,18847,7945,19136
2026-05-07T04:14:16Z,18847,7945,19150
2026-05-07T04:14:46Z,18847,7945,19155
2026-05-07T04:15:17Z,18848,7945,19166
2026-05-07T04:15:47Z,18848,7946,19177
2026-05-07T04:16:17Z,18848,7946,19190
2026-05-07T04:16:48Z,18848,7946,19199
2026-05-07T04:17:18Z,18848,7946,19208
2026-05-07T04:17:48Z,18848,7946,19221
2026-05-07T04:18:18Z,18848,7946,19231
2026-05-07T04:18:49Z,18848,7946,19243
2026-05-07T04:19:19Z,18848,7946,19251
2026-05-07T04:19:49Z,18848,7946,19260
2026-05-07T04:20:20Z,18848,7946,19273
2026-05-07T04:20:50Z,18848,7946,19286
2026-05-07T04:21:20Z,18848,7946,19299
2026-05-07T04:21:51Z,18848,7946,19312
2026-05-07T04:22:21Z,18848,7946,19326
2026-05-07T04:22:51Z,18848,7946,19336
2026-05-07T04:23:21Z,18848,7946,19345
2026-05-07T04:23:52Z,18848,7946,19357
2026-05-07T04:24:22Z,18848,7946,19371
2026-05-07T04:24:52Z,18848,7946,19382
2026-05-07T04:25:23Z,18848,7946,19396
2026-05-07T04:25:53Z,18848,7946,19406
2026-05-07T04:26:23Z,18848,7946,19415
2026-05-07T04:26:53Z,18848,7946,19420
2026-05-07T04:27:24Z,18848,7946,19433
2026-05-07T04:27:54Z,18848,7946,19446
2026-05-07T04:28:24Z,18848,7946,19457
2026-05-07T04:28:54Z,18848,7946,19461
2026-05-07T04:29:25Z,18848,7946,19470
2026-05-07T04:29:55Z,18848,7946,19483
2026-05-07T04:30:25Z,18849,7946,19493
2026-05-07T04:30:56Z,18849,7946,19501
2026-05-07T04:31:26Z,18849,7946,19504
2026-05-07T04:31:56Z,18849,7946,19517
2026-05-07T04:32:27Z,18849,7946,19524
2026-05-07T04:32:57Z,18849,7946,19525
2026-05-07T04:33:27Z,18849,7946,19525
2026-05-07T04:33:57Z,18850,7946,19525
2026-05-07T04:34:28Z,18850,7946,19538
2026-05-07T04:34:58Z,18850,7946,19545
2026-05-07T04:35:28Z,18850,7946,19550
2026-05-07T04:35:59Z,18850,7946,19553
2026-05-07T04:36:29Z,18850,7946,19563
2026-05-07T04:36:59Z,18850,7946,19573
2026-05-07T04:37:30Z,18850,7946,19575
2026-05-07T04:38:00Z,18850,7946,19581
2026-05-07T04:38:30Z,18850,7946,19588
2026-05-07T04:39:00Z,18850,7946,19596
2026-05-07T04:39:31Z,18850,7946,19600
2026-05-07T04:40:01Z,18850,7946,19600
2026-05-07T04:40:31Z,18850,7946,19604
2026-05-07T04:41:02Z,18850,7946,19611
2026-05-07T04:41:32Z,18850,7946,19617
2026-05-07T04:42:02Z,18850,7946,19623
2026-05-07T04:42:32Z,18850,7946,19634
2026-05-07T04:43:03Z,18850,7946,19646
2026-05-07T04:43:33Z,18850,7946,19656
2026-05-07T04:44:03Z,18850,7946,19662
2026-05-07T04:44:34Z,18850,7946,19670
2026-05-07T04:45:04Z,18850,7946,19680
2026-05-07T04:45:34Z,18850,7946,19690
2026-05-07T04:46:04Z,18850,7946,19697
2026-05-07T04:46:35Z,18850,7946,19706
2026-05-07T04:47:05Z,18850,7946,19717
2026-05-07T04:47:35Z,18850,7946,19719
2026-05-07T04:48:06Z,18850,7946,19719
2026-05-07T04:48:36Z,18850,7946,19719
2026-05-07T04:49:06Z,18850,7946,19727
2026-05-07T04:49:37Z,18850,7946,19739
2026-05-07T04:50:07Z,18850,7946,19743
2026-05-07T04:50:37Z,18850,7946,19747
2026-05-07T04:51:07Z,18850,7946,19756
2026-05-07T04:51:38Z,18850,7946,19770
2026-05-07T04:52:08Z,18850,7946,19780
2026-05-07T04:52:38Z,18850,7946,19790
2026-05-07T04:53:09Z,18850,7946,19800
2026-05-07T04:53:39Z,18850,7946,19808
2026-05-07T04:54:09Z,18850,7946,19822
2026-05-07T04:54:40Z,18850,7946,19835
2026-05-07T04:55:10Z,18850,7946,19848
2026-05-07T04:55:40Z,18850,7946,19854
2026-05-07T04:56:10Z,18850,7946,19863
2026-05-07T04:56:41Z,18850,7946,19874
2026-05-07T04:57:11Z,18850,7946,19882
2026-05-07T04:57:41Z,18850,7946,19882
2026-05-07T04:58:12Z,18850,7946,19885
2026-05-07T04:58:42Z,18850,7946,19898
2026-05-07T04:59:12Z,18850,7946,19906
2026-05-07T04:59:42Z,18850,7946,19906
2026-05-07T05:00:13Z,18850,7946,19910
2026-05-07T05:00:43Z,18850,7946,19919
2026-05-07T05:01:13Z,18850,7946,19930
2026-05-07T05:01:44Z,18850,7946,19939
2026-05-07T05:02:14Z,18850,7946,19944
2026-05-07T05:02:44Z,18850,7946,19957
2026-05-07T05:03:15Z,18851,7946,19969
2026-05-07T05:03:45Z,18851,7946,19978
2026-05-07T05:04:15Z,18851,7946,19987
2026-05-07T05:04:45Z,18851,7946,19998
2026-05-07T05:05:16Z,18851,7946,20007
2026-05-07T05:05:46Z,18851,7946,20007
2026-05-07T05:06:16Z,18851,7946,20015
2026-05-07T05:06:47Z,18851,7946,20028
2026-05-07T05:07:17Z,18851,7946,20037
2026-05-07T05:07:47Z,18851,7946,20040
2026-05-07T05:08:17Z,18852,7946,20043
2026-05-07T05:08:48Z,18852,7946,20047
2026-05-07T05:09:18Z,18852,7946,20053
2026-05-07T05:09:48Z,18852,7946,20063
2026-05-07T05:10:19Z,18852,7946,20071
2026-05-07T05:10:49Z,18852,7946,20081
2026-05-07T05:11:19Z,18852,7946,20094
2026-05-07T05:11:50Z,18852,7946,20105
2026-05-07T05:12:20Z,18852,7946,20115
2026-05-07T05:12:50Z,18852,7946,20121
2026-05-07T05:13:20Z,18852,7946,20133
2026-05-07T05:13:51Z,18852,7946,20143
2026-05-07T05:14:21Z,18852,7946,20151
2026-05-07T05:14:51Z,18852,7946,20154
2026-05-07T05:15:22Z,18867,7946,20160
2026-05-07T05:15:52Z,18889,7946,20167
2026-05-07T05:16:22Z,18908,7946,20174
2026-05-07T05:16:53Z,18916,7946,20180
2026-05-07T05:17:23Z,18935,7946,20189
2026-05-07T05:17:53Z,18953,7946,20200
2026-05-07T05:18:23Z,18968,7946,20211
2026-05-07T05:18:54Z,18987,7946,20219
2026-05-07T05:19:24Z,19009,7946,20226
2026-05-07T05:19:54Z,19020,7946,20232
2026-05-07T05:20:25Z,19033,7946,20243
2026-05-07T05:20:55Z,19048,7946,20255
2026-05-07T05:21:25Z,19070,7946,20265
2026-05-07T05:21:56Z,19074,7946,20271
2026-05-07T05:22:26Z,19086,7946,20280
2026-05-07T05:22:56Z,19096,7946,20290
2026-05-07T05:23:26Z,19114,7946,20303
2026-05-07T05:23:57Z,19131,7946,20312
2026-05-07T05:24:27Z,19145,7946,20324
2026-05-07T05:24:57Z,19155,7946,20329
2026-05-07T05:25:28Z,19174,7946,20335
2026-05-07T05:25:58Z,19187,7946,20345
2026-05-07T05:26:28Z,19199,7946,20353
2026-05-07T05:26:59Z,19199,7946,20361
2026-05-07T05:27:29Z,19211,7946,20366
2026-05-07T05:27:59Z,19212,7946,20371
2026-05-07T05:28:29Z,19226,7946,20376
2026-05-07T05:29:00Z,19243,7946,20382
2026-05-07T05:29:30Z,19254,7946,20389
2026-05-07T05:30:00Z,19269,7946,20395
2026-05-07T05:30:31Z,19284,7946,20402
2026-05-07T05:31:01Z,19306,7946,20414
2026-05-07T05:31:31Z,19328,7946,20422
2026-05-07T05:32:01Z,19329,7946,20427
2026-05-07T05:32:32Z,19341,7946,20439
2026-05-07T05:33:02Z,19353,7946,20449
2026-05-07T05:33:32Z,19383,7946,20461
2026-05-07T05:34:03Z,19397,7946,20473
2026-05-07T05:34:33Z,19406,7946,20478
2026-05-07T05:35:03Z,19424,7946,20490
2026-05-07T05:35:34Z,19426,7946,20504
2026-05-07T05:36:04Z,19453,7946,20517
2026-05-07T05:36:34Z,19454,7946,20521
2026-05-07T05:37:04Z,19471,7946,20530
2026-05-07T05:37:35Z,19497,7946,20541
2026-05-07T05:38:05Z,19512,7946,20554
2026-05-07T05:38:35Z,19539,7946,20568
2026-05-07T05:39:06Z,19540,7946,20570
2026-05-07T05:39:36Z,19555,7946,20585
2026-05-07T05:40:06Z,19555,7946,20599
2026-05-07T05:40:37Z,19578,7946,20611
2026-05-07T05:41:07Z,19579,7946,20614
2026-05-07T05:41:37Z,19591,7946,20625
2026-05-07T05:42:08Z,19605,7946,20636
2026-05-07T05:42:38Z,19630,7946,20648
2026-05-07T05:43:08Z,19643,7946,20653
2026-05-07T05:43:38Z,19649,7946,20663
2026-05-07T05:44:09Z,19654,7946,20668
2026-05-07T05:44:39Z,19667,7946,20675
2026-05-07T05:45:09Z,19679,7946,20687
2026-05-07T05:45:40Z,19692,7946,20700
2026-05-07T05:46:10Z,19705,7946,20707
2026-05-07T05:46:40Z,19721,7946,20715
2026-05-07T05:47:10Z,19739,7946,20729
2026-05-07T05:47:41Z,19766,7946,20743
2026-05-07T05:48:11Z,19776,7946,20746
2026-05-07T05:48:41Z,19778,7946,20751
2026-05-07T05:49:12Z,19792,7946,20764
2026-05-07T05:49:42Z,19808,7946,20778
2026-05-07T05:50:12Z,19832,7946,20790
2026-05-07T05:50:42Z,19833,7946,20800
2026-05-07T05:51:13Z,19847,7946,20807
2026-05-07T05:51:43Z,19848,7946,20819
2026-05-07T05:52:13Z,19864,7946,20832
2026-05-07T05:52:44Z,19879,7946,20841
2026-05-07T05:53:14Z,19895,7946,20857
2026-05-07T05:53:44Z,19895,7946,20871
2026-05-07T05:54:15Z,19909,7946,20878
2026-05-07T05:54:45Z,19920,7946,20892
2026-05-07T05:55:15Z,19922,7946,20904
2026-05-07T05:55:46Z,19936,7946,20913
2026-05-07T05:56:16Z,19946,7946,20923
2026-05-07T05:56:46Z,19949,7946,20931
2026-05-07T05:57:16Z,19964,7946,20942
2026-05-07T05:57:47Z,19994,7946,20955
2026-05-07T05:58:17Z,20009,7946,20967
2026-05-07T05:58:47Z,20009,7946,20972
2026-05-07T05:59:18Z,20023,7946,20980
2026-05-07T05:59:48Z,20032,7946,20982
2026-05-07T06:00:18Z,20032,7946,20986
2026-05-07T06:00:49Z,20044,7946,21002
2026-05-07T06:01:19Z,20070,7946,21014
2026-05-07T06:01:49Z,20084,7946,21027
2026-05-07T06:02:20Z,20097,7946,21035
2026-05-07T06:02:50Z,20097,7946,21045
2026-05-07T06:03:20Z,20111,7946,21050
2026-05-07T06:03:50Z,20135,7946,21064
2026-05-07T06:04:21Z,20141,7946,21074
2026-05-07T06:04:51Z,20156,7946,21080
2026-05-07T06:05:21Z,20185,7946,21092
2026-05-07T06:05:51Z,20201,7946,21097
2026-05-07T06:06:22Z,20217,7946,21104
2026-05-07T06:06:52Z,20244,7946,21118
2026-05-07T06:07:22Z,20255,7946,21121
2026-05-07T06:07:53Z,20257,7946,21121
2026-05-07T06:08:23Z,20271,7946,21121
2026-05-07T06:08:53Z,20285,7946,21121
2026-05-07T06:09:23Z,20301,7946,21128
2026-05-07T06:09:54Z,20329,7946,21140
2026-05-07T06:10:24Z,20329,7946,21145
2026-05-07T06:10:56Z,20341,7946,21153
2026-05-07T06:11:26Z,20358,7946,21167
2026-05-07T06:11:57Z,20372,7946,21168
2026-05-07T06:12:27Z,20399,7946,21176
2026-05-07T06:12:57Z,20415,7946,21187
2026-05-07T06:13:28Z,20429,7946,21191
2026-05-07T06:13:58Z,20455,7946,21191
2026-05-07T06:14:28Z,20459,7946,21191
2026-05-07T06:14:59Z,20469,7946,21191
2026-05-07T06:15:29Z,20498,7946,21201
2026-05-07T06:15:59Z,20512,7946,21211
2026-05-07T06:16:29Z,20524,7946,21211
2026-05-07T06:17:00Z,20548,7946,21221
2026-05-07T06:17:30Z,20567,7946,21230
2026-05-07T06:18:00Z,20576,7946,21230
2026-05-07T06:18:31Z,20582,7946,21230
2026-05-07T06:19:01Z,20598,7946,21237
2026-05-07T06:19:31Z,20611,7946,21250
2026-05-07T06:20:01Z,20640,7946,21252
2026-05-07T06:20:32Z,20654,7946,21252
2026-05-07T06:21:02Z,20670,7946,21254
2026-05-07T06:21:32Z,20684,7946,21267
2026-05-07T06:22:03Z,20705,7946,21274
2026-05-07T06:22:33Z,20707,7946,21278
2026-05-07T06:23:03Z,20722,7946,21291
2026-05-07T06:23:34Z,20738,7946,21298
2026-05-07T06:24:04Z,20757,7946,21298
2026-05-07T06:24:34Z,20778,7946,21298
2026-05-07T06:25:04Z,20804,7946,21304
2026-05-07T06:25:35Z,20822,7946,21317
2026-05-07T06:26:05Z,20830,7946,21322
2026-05-07T06:26:35Z,20847,7946,21322
2026-05-07T06:27:06Z,20864,7946,21329
2026-05-07T06:27:36Z,20893,7946,21340
2026-05-07T06:28:06Z,20910,7946,21345
2026-05-07T06:28:37Z,20923,7946,21351
2026-05-07T06:29:07Z,20940,7946,21363
2026-05-07T06:29:37Z,20953,7946,21368
2026-05-07T06:30:07Z,20966,7946,21368
2026-05-07T06:30:38Z,20980,7946,21368
2026-05-07T06:31:08Z,20992,7946,21368
2026-05-07T06:31:38Z,21009,7946,21368
2026-05-07T06:32:09Z,21036,7946,21368
2026-05-07T06:32:39Z,21046,7946,21368
2026-05-07T06:33:09Z,21049,7946,21375
2026-05-07T06:33:39Z,21059,7946,21389
2026-05-07T06:34:10Z,21062,7946,21389
2026-05-07T06:34:40Z,21077,7946,21401
2026-05-07T06:35:10Z,21105,7946,21410
2026-05-07T06:35:41Z,21119,7946,21413
2026-05-07T06:36:11Z,21145,7946,21426
2026-05-07T06:36:41Z,21157,7946,21431
2026-05-07T06:37:11Z,21172,7946,21431
2026-05-07T06:37:42Z,21186,7946,21431
2026-05-07T06:38:12Z,21203,7946,21431
2026-05-07T06:38:42Z,21226,7946,21431
2026-05-07T06:39:13Z,21242,7946,21440
2026-05-07T06:39:43Z,21259,7946,21454
2026-05-07T06:40:13Z,21271,7946,21455
2026-05-07T06:40:43Z,21280,7946,21467
2026-05-07T06:41:14Z,21295,7946,21481
2026-05-07T06:41:44Z,21295,7946,21481
2026-05-07T06:42:14Z,21319,7946,21493
2026-05-07T06:42:45Z,21337,7946,21505
2026-05-07T06:43:15Z,21352,7946,21505
2026-05-07T06:43:45Z,21378,7946,21505
2026-05-07T06:44:16Z,21394,7946,21505
2026-05-07T06:44:46Z,21417,7946,21505
2026-05-07T06:45:16Z,21424,7946,21518
2026-05-07T06:45:46Z,21439,7946,21525
2026-05-07T06:46:17Z,21463,7946,21525
2026-05-07T06:46:47Z,21481,7946,21538
2026-05-07T06:47:17Z,21489,7946,21546
2026-05-07T06:47:48Z,21512,7946,21549
2026-05-07T06:48:18Z,21520,7946,21561
2026-05-07T06:48:48Z,21536,7946,21566
2026-05-07T06:49:18Z,21551,7946,21566
2026-05-07T06:49:49Z,21580,7946,21566
2026-05-07T06:50:19Z,21591,7946,21566
2026-05-07T06:50:49Z,21602,7946,21570
2026-05-07T06:51:50Z,21641,7946,21585
2026-05-07T06:52:20Z,21643,7946,21589
2026-05-07T06:52:50Z,21654,7946,21601
2026-05-07T06:53:21Z,21664,7946,21605
2026-05-07T06:53:51Z,21668,7946,21611
2026-05-07T06:54:21Z,21682,7946,21625
2026-05-07T06:54:51Z,21710,7946,21627
2026-05-07T06:55:22Z,21738,7946,21627
2026-05-07T06:55:52Z,21738,7946,21627
2026-05-07T06:56:22Z,21751,7946,21627
2026-05-07T06:56:53Z,21767,7946,21636
2026-05-07T06:57:23Z,21771,7946,21649
2026-05-07T06:57:53Z,21786,7946,21651
2026-05-07T06:58:24Z,21811,7946,21658
2026-05-07T06:58:54Z,21824,7946,21670
2026-05-07T06:59:24Z,21854,7946,21674
2026-05-07T06:59:55Z,21869,7946,21683
2026-05-07T07:00:25Z,21894,7946,21695
2026-05-07T07:00:55Z,21915,7946,21698
2026-05-07T07:01:25Z,21930,7946,21698
2026-05-07T07:01:56Z,21946,7946,21698
2026-05-07T07:02:26Z,21959,7946,21698
2026-05-07T07:02:56Z,21975,7946,21710
2026-05-07T07:03:27Z,21989,7946,21722
2026-05-07T07:03:57Z,21989,7946,21722
2026-05-07T07:04:27Z,22004,7946,21722
2026-05-07T07:04:58Z,22033,7946,21725
2026-05-07T07:05:28Z,22050,7946,21737
2026-05-07T07:05:58Z,22063,7946,21751
2026-05-07T07:06:28Z,22092,7946,21763
2026-05-07T07:06:59Z,22104,7946,21768
2026-05-07T07:07:29Z,22109,7946,21768
2026-05-07T07:07:59Z,22139,7946,21768
2026-05-07T07:08:30Z,22152,7946,21772
2026-05-07T07:09:00Z,22169,7946,21784
2026-05-07T07:09:30Z,22194,7946,21792
2026-05-07T07:10:01Z,22208,7946,21792
2026-05-07T07:10:31Z,22235,7946,21792
2026-05-07T07:11:01Z,22251,7946,21792
2026-05-07T07:11:31Z,22265,7946,21792
2026-05-07T07:12:02Z,22283,7946,21801
2026-05-07T07:12:32Z,22301,7946,21814
2026-05-07T07:13:02Z,22327,7946,21818
2026-05-07T07:13:33Z,22342,7946,21826
2026-05-07T07:14:03Z,22359,7946,21839
2026-05-07T07:14:33Z,22368,7946,21841
2026-05-07T07:15:03Z,22389,7946,21853
2026-05-07T07:15:34Z,22400,7946,21863
2026-05-07T07:16:04Z,22403,7946,21864
2026-05-07T07:16:34Z,22419,7946,21864
2026-05-07T07:17:05Z,22446,7946,21864
2026-05-07T07:17:35Z,22460,7946,21868
2026-05-07T07:18:05Z,22476,7946,21879
2026-05-07T07:18:35Z,22504,7946,21879
2026-05-07T07:19:06Z,22505,7946,21889
2026-05-07T07:19:36Z,22514,7946,21889
2026-05-07T07:20:06Z,22531,7946,21900
2026-05-07T07:20:37Z,22534,7946,21910
2026-05-07T07:21:07Z,22547,7946,21913
2026-05-07T07:21:37Z,22558,7946,21925
2026-05-07T07:22:07Z,22576,7946,21935
2026-05-07T07:22:38Z,22593,7946,21935
2026-05-07T07:23:08Z,22608,7946,21935
2026-05-07T07:23:38Z,22633,7946,21935
2026-05-07T07:24:08Z,22635,7946,21937
2026-05-07T07:24:39Z,22651,7946,21939
2026-05-07T07:25:09Z,22666,7946,21942
2026-05-07T07:25:39Z,22696,7946,21947
2026-05-07T07:26:10Z,22709,7946,21962
2026-05-07T07:26:40Z,22724,7946,21972
2026-05-07T07:27:10Z,22727,7946,21979
2026-05-07T07:27:41Z,22748,7946,21996
2026-05-07T07:28:11Z,22771,7946,22011
2026-05-07T07:28:41Z,22787,7946,22014
2026-05-07T07:29:11Z,22787,7946,22027
2026-05-07T07:29:42Z,22808,7946,22032
2026-05-07T07:30:12Z,22830,7946,22032
2026-05-07T07:30:42Z,22845,7946,22032
2026-05-07T07:31:13Z,22866,7946,22032
2026-05-07T07:31:43Z,22866,7946,22033
2026-05-07T07:32:14Z,22883,7946,22045
2026-05-07T07:32:44Z,22911,7946,22059
2026-05-07T07:33:14Z,22925,7946,22064
2026-05-07T07:33:44Z,22952,7946,22075
2026-05-07T07:34:15Z,22952,7946,22087
2026-05-07T07:34:45Z,22972,7946,22096
2026-05-07T07:35:15Z,22975,7946,22101
2026-05-07T07:35:46Z,22992,7946,22112
2026-05-07T07:36:16Z,23006,7946,22123
2026-05-07T07:36:46Z,23006,7946,22130
2026-05-07T07:37:17Z,23018,7946,22130
2026-05-07T07:37:47Z,23018,7946,22134
2026-05-07T07:38:17Z,23046,7946,22139
2026-05-07T07:38:47Z,23060,7946,22145
2026-05-07T07:39:18Z,23069,7946,22149
2026-05-07T07:39:48Z,23076,7946,22155
2026-05-07T07:40:18Z,23091,7946,22161
2026-05-07T07:40:49Z,23107,7946,22168
2026-05-07T07:41:19Z,23136,7946,22174
2026-05-07T07:41:49Z,23150,7946,22177
2026-05-07T07:42:19Z,23165,7946,22182
2026-05-07T07:42:50Z,23177,7946,22188
2026-05-07T07:43:20Z,23177,7946,22193
2026-05-07T07:43:50Z,23201,7946,22200
2026-05-07T07:44:21Z,23203,7946,22208
2026-05-07T07:44:51Z,23227,7946,22214
2026-05-07T07:45:21Z,23245,7946,22221
2026-05-07T07:45:52Z,23263,7946,22226
2026-05-07T07:46:22Z,23271,7946,22231
2026-05-07T07:46:52Z,23290,7946,22238
2026-05-07T07:47:22Z,23308,7946,22244
2026-05-07T07:50:23Z,23391,7946,22283
2026-05-07T07:50:53Z,23407,7946,22287
2026-05-07T07:51:23Z,23422,7946,22293
2026-05-07T07:51:54Z,23436,7946,22298
2026-05-07T07:52:24Z,23448,7946,22305
2026-05-07T07:52:54Z,23464,7946,22312
2026-05-07T07:53:25Z,23474,7946,22316
2026-05-07T07:53:55Z,23486,7946,22322
2026-05-07T07:54:25Z,23490,7946,22327
2026-05-07T07:54:55Z,23506,7946,22334
2026-05-07T07:55:26Z,23519,7946,22341
2026-05-07T07:55:56Z,23537,7946,22348
2026-05-07T07:56:26Z,23562,7946,22355
2026-05-07T07:56:56Z,23577,7946,22360
2026-05-07T07:57:27Z,23588,7946,22365
2026-05-07T07:57:57Z,23589,7946,22371
2026-05-07T07:58:27Z,23613,7946,22377
2026-05-07T07:58:58Z,23629,7946,22384
2026-05-07T07:59:28Z,23644,7946,22391
2026-05-07T07:59:58Z,23670,7946,22399
2026-05-07T08:00:28Z,23681,7946,22403
2026-05-07T08:00:59Z,23683,7946,22407
2026-05-07T08:01:29Z,23697,7946,22411
2026-05-07T08:01:59Z,23714,7946,22417
2026-05-07T08:02:30Z,23741,7946,22425
2026-05-07T08:03:00Z,23742,7946,22433
2026-05-07T08:03:30Z,23764,7946,22438
2026-05-07T08:04:00Z,23766,7946,22442
2026-05-07T08:04:31Z,23768,7946,22448
2026-05-07T08:05:01Z,23780,7946,22455
2026-05-07T08:05:31Z,23808,7946,22462
2026-05-07T08:06:02Z,23824,7946,22468
2026-05-07T08:06:32Z,23836,7946,22472
2026-05-07T08:07:02Z,23846,7946,22476
2026-05-07T08:07:33Z,23863,7946,22483
2026-05-07T08:08:03Z,23880,7946,22490
2026-05-07T08:08:33Z,23902,7946,22497
2026-05-07T08:09:03Z,23922,7946,22505
2026-05-07T08:09:34Z,23933,7946,22510
2026-05-07T08:10:04Z,23950,7946,22516
2026-05-07T08:10:34Z,23962,7946,22521
2026-05-07T08:11:05Z,23978,7946,22526
2026-05-07T08:11:35Z,23993,7946,22532
2026-05-07T08:12:06Z,24005,7946,22539
2026-05-07T08:12:36Z,24022,7946,22545
2026-05-07T08:13:06Z,24043,7946,22550
2026-05-07T08:13:36Z,24067,7946,22557
2026-05-07T08:14:07Z,24081,7946,22564
2026-05-07T08:14:37Z,24106,7946,22572
2026-05-07T08:15:07Z,24114,7946,22578
2026-05-07T08:15:38Z,24116,7946,22582
2026-05-07T08:16:08Z,24116,7946,22586
2026-05-07T08:16:38Z,24144,7946,22590
2026-05-07T08:17:08Z,24159,7946,22593
2026-05-07T08:17:39Z,24171,7946,22596
2026-05-07T08:18:09Z,24187,7946,22599
2026-05-07T08:18:39Z,24203,7946,22603
2026-05-07T08:19:10Z,24220,7946,22606
2026-05-07T08:19:40Z,24248,7946,22608
2026-05-07T08:20:10Z,24263,7946,22609
2026-05-07T08:20:41Z,24278,7946,22612
2026-05-07T08:21:11Z,24296,7946,22615
2026-05-07T08:21:41Z,24317,7946,22619
2026-05-07T08:22:12Z,24333,7946,22622
2026-05-07T08:22:42Z,24358,7946,22625
2026-05-07T08:23:12Z,24375,7946,22628
2026-05-07T08:23:42Z,24388,7946,22628
2026-05-07T08:24:13Z,24388,7946,22628
2026-05-07T08:24:43Z,24401,7946,22628
2026-05-07T08:25:13Z,24414,7946,22628
2026-05-07T08:25:44Z,24431,7946,22628
2026-05-07T08:26:14Z,24443,7946,22628
2026-05-07T08:26:44Z,24470,7946,22628
2026-05-07T08:27:14Z,24476,7946,22628
2026-05-07T08:27:45Z,24499,7946,22628
2026-05-07T08:28:15Z,24510,7946,22628
2026-05-07T08:28:45Z,24524,7946,22628
2026-05-07T08:29:16Z,24543,7946,22628
2026-05-07T08:29:46Z,24558,7946,22628
2026-05-07T08:30:16Z,24572,7946,22628
2026-05-07T08:30:47Z,24603,7946,22628
2026-05-07T08:31:17Z,24618,7946,22628
2026-05-07T08:31:47Z,24631,7946,22628
2026-05-07T08:32:17Z,24648,7946,22628
2026-05-07T08:32:48Z,24661,7946,22628
2026-05-07T08:33:18Z,24687,7946,22628
2026-05-07T08:33:48Z,24690,7946,22628
2026-05-07T08:34:19Z,24704,7946,22628
2026-05-07T08:34:49Z,24733,7946,22628
2026-05-07T08:35:19Z,24747,7946,22628
2026-05-07T08:35:50Z,24772,7946,22628
2026-05-07T08:36:20Z,24789,7946,22628
2026-05-07T08:36:50Z,24800,7946,22628
2026-05-07T08:37:20Z,24809,7946,22628
2026-05-07T08:37:51Z,24810,7946,22628
2026-05-07T08:38:21Z,24825,7946,22628
2026-05-07T08:38:51Z,24839,7946,22628
2026-05-07T08:39:21Z,24873,7946,22628
2026-05-07T08:39:52Z,24886,7946,22628
2026-05-07T08:40:22Z,24898,7946,22628
2026-05-07T08:40:52Z,24911,7946,22628
2026-05-07T08:41:23Z,24928,7946,22628
2026-05-07T08:41:53Z,24937,7946,22628
2026-05-07T08:42:23Z,24953,7946,22628
2026-05-07T08:42:54Z,24968,7946,22628
2026-05-07T08:43:24Z,24986,7946,22628
2026-05-07T08:43:54Z,25007,7946,22628
2026-05-07T08:44:24Z,25021,7946,22628
2026-05-07T08:44:55Z,25039,7946,22628
2026-05-07T08:45:25Z,25068,7946,22628
2026-05-07T08:45:55Z,25079,7946,22628
2026-05-07T08:46:26Z,25093,7946,22628
2026-05-07T08:46:56Z,25109,7946,22628
2026-05-07T08:47:26Z,25124,7946,22628
2026-05-07T08:47:56Z,25149,7946,22628
2026-05-07T08:48:27Z,25171,7946,22628
2026-05-07T08:48:57Z,25174,7946,22628
2026-05-07T08:49:27Z,25184,7946,22628
2026-05-07T08:49:58Z,25199,7946,22628
2026-05-07T08:50:28Z,25214,7946,22628
2026-05-07T08:50:58Z,25234,7946,22628
2026-05-07T08:51:28Z,25258,7946,22628
2026-05-07T08:51:59Z,25273,7946,22628
2026-05-07T08:52:29Z,25296,7946,22628
2026-05-07T08:52:59Z,25300,7946,22628
2026-05-07T08:53:29Z,25316,7946,22628
2026-05-07T08:54:00Z,25329,7946,22628
2026-05-07T08:54:30Z,25351,7946,22628
2026-05-07T08:55:00Z,25369,7946,22628
2026-05-07T08:55:31Z,25386,7946,22628
2026-05-07T08:56:01Z,25411,7946,22629
2026-05-07T08:56:31Z,25424,7946,22629
2026-05-07T08:57:01Z,25427,7946,22629
2026-05-07T08:57:32Z,25455,7946,22629
2026-05-07T08:58:02Z,25468,7946,22629
2026-05-07T08:58:32Z,25491,7946,22629
2026-05-07T08:59:03Z,25511,7946,22629
2026-05-07T08:59:33Z,25526,7946,22629
2026-05-07T09:00:03Z,25527,7946,22629
2026-05-07T09:00:34Z,25550,7946,22629
2026-05-07T09:01:04Z,25550,7946,22629
2026-05-07T09:01:34Z,25578,7946,22629
2026-05-07T09:02:04Z,25594,7946,22629
2026-05-07T09:02:35Z,25610,7946,22629
2026-05-07T09:03:05Z,25626,7946,22629
2026-05-07T09:03:35Z,25637,7946,22629
2026-05-07T09:04:06Z,25652,7946,22629
2026-05-07T09:04:36Z,25666,7946,22629
2026-05-07T09:05:06Z,25681,7946,22629
2026-05-07T09:05:37Z,25705,7946,22629
2026-05-07T09:06:07Z,25721,7946,22629
2026-05-07T09:06:37Z,25748,7946,22629
2026-05-07T09:07:08Z,25762,7946,22629
2026-05-07T09:07:38Z,25772,7946,22629
2026-05-07T09:08:08Z,25794,7946,22629
2026-05-07T09:08:38Z,25809,7946,22629
2026-05-07T09:09:09Z,25825,7946,22629
2026-05-07T09:09:39Z,25835,7946,22629
2026-05-07T09:10:09Z,25850,7946,22630
2026-05-07T09:10:40Z,25868,7947,22630
2026-05-07T09:11:10Z,25880,7947,22631
2026-05-07T09:11:40Z,25908,7947,22634
2026-05-07T09:12:10Z,25921,7947,22636
2026-05-07T09:12:41Z,25924,7947,22639
2026-05-07T09:13:11Z,25948,7947,22642
2026-05-07T09:13:41Z,25965,7947,22645
2026-05-07T09:14:12Z,25979,7947,22646
2026-05-07T09:14:42Z,25982,7947,22647
2026-05-07T09:15:12Z,25998,7947,22647
2026-05-07T09:15:43Z,26024,7947,22647
2026-05-07T09:16:13Z,26049,7947,22647
2026-05-07T09:16:43Z,26053,7947,22647
2026-05-07T09:17:13Z,26080,7947,22647
2026-05-07T09:17:44Z,26096,7947,22647
2026-05-07T09:18:14Z,26112,7947,22650
2026-05-07T09:18:44Z,26117,7947,22650
2026-05-07T09:19:15Z,26138,7947,22653
2026-05-07T09:19:45Z,26154,7947,22656
2026-05-07T09:20:15Z,26169,7947,22664
2026-05-07T09:20:45Z,26186,7947,22671
2026-05-07T09:21:16Z,26187,7947,22680
2026-05-07T09:21:46Z,26213,7947,22685
2026-05-07T09:22:16Z,26230,7947,22697
2026-05-07T09:22:47Z,26244,7947,22709
2026-05-07T09:23:17Z,26255,7947,22713
2026-05-07T09:23:47Z,26267,7947,22723
2026-05-07T09:24:17Z,26281,7947,22737
2026-05-07T09:24:48Z,26300,7947,22751
2026-05-07T09:25:18Z,26315,7947,22758
2026-05-07T09:25:48Z,26327,7947,22762
2026-05-07T09:26:18Z,26352,7947,22768
2026-05-07T09:26:49Z,26366,7947,22782
2026-05-07T09:27:19Z,26373,7947,22794
2026-05-07T09:27:49Z,26379,7947,22806
2026-05-07T09:28:20Z,26394,7947,22816
2026-05-07T09:28:50Z,26410,7947,22826
2026-05-07T09:29:20Z,26422,7947,22839
2026-05-07T09:29:50Z,26438,7947,22849
2026-05-07T09:30:21Z,26463,7947,22860
2026-05-07T09:30:51Z,26464,7947,22869
2026-05-07T09:31:21Z,26481,7947,22882
2026-05-07T09:31:52Z,26504,7947,22890
2026-05-07T09:32:22Z,26508,7947,22903
2026-05-07T09:32:52Z,26519,7947,22913
2026-05-07T09:33:22Z,26523,7947,22922
2026-05-07T09:33:53Z,26537,7947,22933
2026-05-07T09:34:23Z,26555,7947,22947
2026-05-07T09:34:53Z,26583,7947,22957
2026-05-07T09:35:24Z,26591,7947,22967
2026-05-07T09:35:54Z,26593,7947,22976
2026-05-07T09:36:25Z,26606,7947,22985
2026-05-07T09:36:55Z,26621,7947,22996
2026-05-07T09:37:25Z,26638,7947,23007
2026-05-07T09:37:55Z,26662,7947,23017
2026-05-07T09:38:26Z,26664,7947,23026
2026-05-07T09:38:56Z,26680,7947,23038
2026-05-07T09:39:26Z,26709,7947,23049
2026-05-07T09:39:57Z,26723,7947,23061
2026-05-07T09:40:27Z,26739,7947,23072
2026-05-07T09:40:57Z,26750,7947,23078
2026-05-07T09:41:28Z,26763,7947,23089
2026-05-07T09:41:58Z,26779,7947,23099
2026-05-07T09:42:28Z,26794,7947,23109
2026-05-07T09:42:58Z,26813,7947,23122
2026-05-07T09:43:29Z,26831,7947,23129
2026-05-07T09:43:59Z,26833,7947,23136
2026-05-07T09:44:29Z,26851,7947,23148
2026-05-07T09:45:00Z,26876,7947,23155
2026-05-07T09:45:31Z,26876,7947,23166
2026-05-07T09:46:02Z,26905,7947,23180
2026-05-07T09:46:32Z,26918,7947,23187
2026-05-07T09:47:02Z,26919,7947,23203
2026-05-07T09:47:32Z,26944,7947,23218
2026-05-07T09:48:03Z,26957,7947,23234
2026-05-07T09:48:33Z,26957,7947,23249
2026-05-07T09:49:03Z,26984,7947,23260
2026-05-07T09:49:34Z,27000,7947,23269
2026-05-07T09:50:04Z,27013,7947,23276
2026-05-07T09:50:34Z,27013,7947,23290
2026-05-07T09:51:05Z,27040,7947,23301
2026-05-07T09:51:35Z,27041,7947,23314
2026-05-07T09:52:05Z,27051,7947,23327
2026-05-07T09:52:35Z,27067,7947,23339
2026-05-07T09:53:06Z,27078,7947,23355
2026-05-07T09:53:36Z,27091,7947,23366
2026-05-07T09:54:06Z,27104,7947,23382
2026-05-07T09:54:37Z,27119,7947,23394
2026-05-07T09:55:07Z,27139,7947,23405
2026-05-07T09:55:37Z,27149,7947,23419
2026-05-07T09:56:08Z,27162,7947,23433
2026-05-07T09:56:38Z,27163,7947,23447
2026-05-07T09:57:08Z,27174,7947,23463
2026-05-07T09:57:38Z,27193,7947,23478
2026-05-07T09:58:09Z,27213,7947,23492
2026-05-07T09:58:39Z,27225,7947,23502
2026-05-07T09:59:09Z,27228,7947,23509
2026-05-07T09:59:40Z,27244,7947,23526
2026-05-07T10:00:10Z,27262,7947,23542
2026-05-07T10:00:40Z,27291,7948,23558
2026-05-07T10:01:11Z,27291,7948,23569
2026-05-07T10:01:41Z,27296,7948,23581
2026-05-07T10:02:11Z,27314,7948,23594
2026-05-07T10:02:41Z,27316,7948,23608
2026-05-07T10:03:12Z,27345,7948,23621
2026-05-07T10:03:42Z,27356,7948,23635
2026-05-07T10:04:12Z,27370,7948,23647
2026-05-07T10:04:43Z,27371,7948,23658
2026-05-07T10:05:13Z,27385,7948,23671
2026-05-07T10:05:43Z,27409,7948,23682
2026-05-07T10:06:14Z,27411,7948,23691
2026-05-07T10:06:44Z,27426,7948,23702
2026-05-07T10:07:14Z,27439,7948,23716
2026-05-07T10:07:44Z,27453,7948,23726
2026-05-07T10:08:15Z,27460,7948,23739
2026-05-07T10:08:45Z,27478,7948,23749
2026-05-07T10:09:15Z,27481,7948,23759
2026-05-07T10:09:46Z,27490,7948,23774
2026-05-07T10:10:16Z,27513,7948,23787
2026-05-07T10:10:46Z,27530,7948,23800
2026-05-07T10:11:17Z,27557,7948,23814
2026-05-07T10:11:47Z,27576,7948,23827
2026-05-07T10:12:17Z,27589,7948,23840
2026-05-07T10:12:47Z,27601,7948,23849
2026-05-07T10:13:18Z,27614,7948,23859
2026-05-07T10:13:48Z,27617,7948,23873
2026-05-07T10:14:18Z,27641,7948,23887
2026-05-07T10:14:49Z,27657,7949,23901
2026-05-07T10:15:19Z,27669,7949,23912
2026-05-07T10:15:49Z,27677,7949,23920
2026-05-07T10:16:20Z,27692,7949,23937
2026-05-07T10:16:50Z,27706,7949,23944
2026-05-07T10:17:20Z,27715,7949,23958
2026-05-07T10:17:51Z,27717,7949,23974
2026-05-07T10:18:21Z,27721,7949,23990
2026-05-07T10:18:51Z,27744,7949,24003
2026-05-07T10:19:21Z,27749,7949,24018
2026-05-07T10:19:52Z,27780,7949,24032
2026-05-07T10:20:22Z,27795,7949,24043
2026-05-07T10:20:52Z,27814,7949,24056
2026-05-07T10:21:23Z,27821,7949,24073
2026-05-07T10:21:53Z,27832,7949,24090
2026-05-07T10:22:23Z,27846,7949,24102
2026-05-07T10:22:53Z,27848,7949,24112
2026-05-07T10:23:24Z,27871,7949,24118
2026-05-07T10:23:54Z,27872,7949,24132
2026-05-07T10:24:24Z,27896,7949,24143
2026-05-07T10:24:55Z,27914,7949,24156
2026-05-07T10:25:25Z,27929,7949,24161
2026-05-07T10:25:55Z,27957,7949,24172
2026-05-07T10:26:25Z,27971,7949,24181
2026-05-07T10:26:56Z,27985,7949,24194
2026-05-07T10:27:26Z,27998,7949,24206
2026-05-07T10:27:56Z,28010,7949,24215
2026-05-07T10:28:27Z,28022,7949,24227
2026-05-07T10:28:57Z,28025,7949,24237
2026-05-07T10:29:27Z,28047,7949,24248
2026-05-07T10:29:58Z,28047,7949,24258
2026-05-07T10:30:28Z,28061,7949,24270
2026-05-07T10:30:58Z,28076,7949,24282
2026-05-07T10:31:28Z,28093,7949,24294
2026-05-07T10:31:59Z,28106,7949,24305
2026-05-07T10:32:29Z,28121,7949,24316
2026-05-07T10:32:59Z,28121,7949,24326
2026-05-07T10:33:30Z,28132,7949,24338
2026-05-07T10:34:00Z,28149,7949,24350
2026-05-07T10:34:30Z,28154,7949,24358
2026-05-07T10:35:00Z,28168,7949,24371
2026-05-07T10:35:31Z,28197,7949,24383
2026-05-07T10:36:01Z,28209,7949,24394
2026-05-07T10:36:31Z,28221,7949,24402
2026-05-07T10:37:02Z,28236,7949,24416
2026-05-07T10:37:32Z,28249,7949,24429
2026-05-07T10:38:02Z,28261,7949,24440
2026-05-07T10:38:33Z,28276,7949,24449
2026-05-07T10:39:03Z,28285,7949,24457
2026-05-07T10:39:33Z,28298,7949,24465
2026-05-07T10:40:03Z,28300,7949,24478
2026-05-07T10:40:34Z,28314,7949,24490
2026-05-07T10:41:04Z,28327,7949,24504
2026-05-07T10:41:34Z,28342,7949,24518
2026-05-07T10:42:05Z,28369,7949,24530
2026-05-07T10:42:35Z,28369,7949,24541
2026-05-07T10:43:05Z,28384,7949,24554
2026-05-07T10:43:35Z,28395,7949,24566
2026-05-07T10:44:06Z,28411,7949,24577
2026-05-07T10:44:36Z,28426,7949,24591
2026-05-07T10:45:06Z,28441,7949,24605
2026-05-07T10:45:37Z,28456,7949,24618
2026-05-07T10:46:07Z,28467,7949,24629
2026-05-07T10:46:37Z,28470,7949,24644
2026-05-07T10:47:08Z,28498,7949,24656
2026-05-07T10:47:38Z,28511,7949,24670
2026-05-07T10:48:08Z,28522,7949,24682
2026-05-07T10:48:38Z,28536,7949,24692
2026-05-07T10:49:09Z,28539,7949,24704
2026-05-07T10:49:39Z,28570,7949,24716
2026-05-07T10:50:09Z,28588,7949,24729
2026-05-07T10:50:40Z,28603,7949,24742
2026-05-07T10:51:10Z,28625,7949,24753
2026-05-07T10:51:40Z,28628,7949,24766
2026-05-07T10:52:10Z,28642,7949,24779
2026-05-07T10:52:41Z,28656,7949,24791
2026-05-07T10:53:11Z,28666,7949,24806
2026-05-07T10:53:41Z,28675,7949,24818
2026-05-07T10:54:12Z,28689,7949,24831
2026-05-07T10:54:42Z,28689,7949,24844
2026-05-07T10:55:12Z,28715,7949,24855
2026-05-07T10:55:43Z,28732,7949,24867
2026-05-07T10:56:13Z,28748,7949,24873
2026-05-07T10:56:43Z,28773,7949,24884
2026-05-07T10:57:13Z,28782,7949,24892
2026-05-07T10:57:44Z,28786,7949,24902
2026-05-07T10:58:14Z,28803,7949,24914
2026-05-07T10:58:44Z,28830,7949,24926
2026-05-07T10:59:15Z,28843,7949,24939
2026-05-07T10:59:45Z,28854,7949,24950
2026-05-07T11:00:15Z,28868,7949,24961
2026-05-07T11:00:45Z,28882,7949,24975
2026-05-07T11:01:16Z,28907,7949,24985
2026-05-07T11:01:46Z,28909,7949,24994
2026-05-07T11:02:16Z,28925,7949,25008
2026-05-07T11:02:47Z,28940,7949,25017
2026-05-07T11:03:17Z,28955,7949,25029
2026-05-07T11:03:47Z,28968,7949,25044
2026-05-07T11:04:17Z,28986,7949,25060
2026-05-07T11:04:48Z,29010,7949,25071
2026-05-07T11:05:18Z,29010,7949,25082
2026-05-07T11:05:48Z,29025,7949,25093
2026-05-07T11:06:19Z,29026,7949,25106
2026-05-07T11:06:49Z,29054,7949,25117
2026-05-07T11:07:19Z,29071,7949,25130
2026-05-07T11:07:50Z,29085,7949,25142
2026-05-07T11:08:20Z,29106,7949,25153
2026-05-07T11:08:50Z,29110,7949,25166
2026-05-07T11:09:21Z,29125,7949,25177
2026-05-07T11:09:51Z,29148,7949,25188
2026-05-07T11:10:21Z,29152,7949,25199
2026-05-07T11:10:51Z,29166,7949,25207
2026-05-07T11:11:22Z,29166,7949,25219
2026-05-07T11:11:52Z,29176,7949,25230
2026-05-07T11:12:22Z,29195,7949,25241
2026-05-07T11:12:53Z,29210,7950,25253
2026-05-07T11:13:23Z,29236,7950,25267
2026-05-07T11:13:53Z,29253,7950,25278
2026-05-07T11:14:24Z,29265,7950,25289
2026-05-07T11:14:54Z,29282,7950,25300
2026-05-07T11:15:24Z,29291,7950,25309
2026-05-07T11:15:55Z,29292,7950,25321
2026-05-07T11:16:25Z,29308,7950,25334
2026-05-07T11:16:55Z,29334,7950,25346
2026-05-07T11:17:25Z,29353,7950,25356
2026-05-07T11:17:56Z,29366,7950,25364
2026-05-07T11:18:26Z,29366,7950,25372
2026-05-07T11:18:56Z,29366,7950,25381
2026-05-07T11:19:27Z,29366,7950,25393
2026-05-07T11:19:57Z,29366,7950,25405
2026-05-07T11:20:27Z,29366,7950,25418
2026-05-07T11:20:58Z,29366,7950,25430
2026-05-07T11:21:28Z,29366,7950,25441
2026-05-07T11:21:58Z,29366,7950,25450
2026-05-07T11:22:29Z,29369,7950,25457
2026-05-07T11:22:59Z,29373,7950,25467
2026-05-07T11:23:29Z,29378,7950,25474
2026-05-07T11:23:59Z,29378,7950,25480
2026-05-07T11:24:30Z,29378,7950,25487
2026-05-07T11:25:00Z,29378,7950,25493
2026-05-07T11:25:30Z,29378,7950,25500
2026-05-07T11:26:01Z,29378,7950,25507
2026-05-07T11:26:31Z,29378,7950,25514
2026-05-07T11:27:01Z,29378,7950,25520
2026-05-07T11:27:32Z,29378,7950,25527
2026-05-07T11:28:02Z,29378,7950,25534
2026-05-07T11:28:32Z,29379,7950,25540
2026-05-07T11:29:03Z,29379,7950,25547
2026-05-07T11:29:33Z,29379,7950,25553
2026-05-07T11:30:03Z,29379,7950,25560
2026-05-07T11:30:34Z,29380,7950,25567
2026-05-07T11:31:04Z,29392,7950,25574
2026-05-07T11:31:34Z,29416,7950,25581
2026-05-07T11:32:05Z,29435,7950,25587
2026-05-07T11:32:35Z,29449,7950,25595
2026-05-07T11:33:05Z,29464,7950,25600
2026-05-07T11:33:36Z,29479,7950,25604
2026-05-07T11:34:06Z,29490,7950,25611
2026-05-07T11:34:36Z,29504,7950,25619
2026-05-07T11:35:06Z,29520,7950,25631
2026-05-07T11:35:37Z,29532,7950,25641
2026-05-07T11:36:07Z,29544,7950,25648
2026-05-07T11:36:37Z,29560,7950,25658
2026-05-07T11:37:08Z,29574,7950,25672
2026-05-07T11:37:38Z,29602,7950,25686
2026-05-07T11:38:08Z,29614,7950,25694
2026-05-07T11:38:38Z,29618,7951,25705
2026-05-07T11:39:09Z,29634,7951,25717
2026-05-07T11:39:39Z,29657,7953,25728
2026-05-07T11:40:09Z,29660,7954,25739
2026-05-07T11:40:40Z,29675,7954,25753
2026-05-07T11:41:10Z,29696,7954,25766
2026-05-07T11:41:40Z,29709,7954,25778
2026-05-07T11:42:10Z,29710,7954,25791
2026-05-07T11:42:41Z,29721,7954,25801
2026-05-07T11:43:11Z,29738,7954,25812
2026-05-07T11:43:41Z,29753,7954,25825
2026-05-07T11:44:12Z,29764,7954,25833
2026-05-07T11:44:42Z,29774,7954,25839
2026-05-07T11:45:12Z,29777,7954,25849
2026-05-07T11:45:43Z,29792,7954,25858
2026-05-07T11:46:13Z,29810,7954,25871
2026-05-07T11:46:43Z,29840,7954,25884
2026-05-07T11:47:14Z,29851,7954,25893
2026-05-07T11:47:44Z,29860,7954,25899
2026-05-07T11:48:14Z,29870,7954,25907
2026-05-07T11:48:44Z,29873,7954,25918
2026-05-07T11:49:15Z,29900,7954,25930
2026-05-07T11:49:45Z,29913,7954,25941
2026-05-07T11:50:15Z,29929,7954,25949
2026-05-07T11:50:46Z,29940,7954,25961
2026-05-07T11:51:16Z,29955,7954,25971
2026-05-07T11:51:46Z,29974,7954,25982
2026-05-07T11:52:17Z,29988,7954,25994
2026-05-07T11:52:47Z,29998,7954,26001
2026-05-07T11:53:17Z,30011,7954,26013
2026-05-07T11:53:47Z,30024,7954,26025
2026-05-07T11:54:18Z,30039,7954,26037
2026-05-07T11:54:48Z,30042,7954,26048
2026-05-07T11:55:18Z,30065,7954,26057
2026-05-07T11:55:49Z,30069,7954,26069
2026-05-07T11:56:19Z,30069,7954,26081
2026-05-07T11:56:49Z,30078,7954,26086
2026-05-07T11:57:20Z,30092,7954,26093
2026-05-07T11:57:50Z,30094,7954,26104
2026-05-07T11:58:20Z,30107,7954,26117
2026-05-07T11:58:50Z,30137,7954,26128
2026-05-07T11:59:21Z,30147,7954,26141
2026-05-07T11:59:51Z,30163,7954,26152
2026-05-07T12:00:21Z,30165,7954,26159
2026-05-07T12:00:52Z,30185,7954,26169
2026-05-07T12:01:22Z,30195,7954,26178
2026-05-07T12:01:52Z,30210,7954,26190
2026-05-07T12:02:23Z,30235,7954,26201
2026-05-07T12:02:53Z,30253,7954,26214
2026-05-07T12:03:23Z,30268,7954,26225
2026-05-07T12:03:54Z,30297,7954,26236
2026-05-07T12:04:24Z,30312,7954,26249
2026-05-07T12:04:54Z,30340,7955,26259
2026-05-07T12:05:25Z,30355,7955,26273
2026-05-07T12:05:55Z,30372,7955,26284
2026-05-07T12:06:25Z,30396,7957,26297
2026-05-07T12:06:56Z,30413,7958,26308
2026-05-07T12:07:26Z,30427,7959,26319
2026-05-07T12:07:56Z,30441,7959,26328
2026-05-07T12:08:27Z,30466,7959,26337
2026-05-07T12:08:57Z,30482,7959,26346
2026-05-07T12:09:27Z,30500,7960,26355
2026-05-07T12:09:57Z,30530,7960,26363
2026-05-07T12:10:28Z,30544,7960,26375
2026-05-07T12:10:58Z,30574,7961,26387
2026-05-07T12:11:28Z,30588,7961,26399
2026-05-07T12:11:59Z,30590,7963,26407
2026-05-07T12:12:29Z,30603,7964,26414
2026-05-07T12:12:59Z,30607,7965,26421
2026-05-07T12:13:29Z,30624,7966,26428
2026-05-07T12:14:00Z,30641,7967,26436
2026-05-07T12:14:30Z,30654,7967,26447
2026-05-07T12:15:00Z,30666,7967,26456
2026-05-07T12:15:31Z,30682,7967,26464
2026-05-07T12:16:01Z,30693,7969,26471
2026-05-07T12:16:31Z,30721,7970,26482
2026-05-07T12:17:02Z,30735,7970,26492
2026-05-07T12:17:32Z,30746,7970,26504
2026-05-07T12:18:02Z,30755,7970,26512
2026-05-07T12:18:33Z,30764,7971,26521
2026-05-07T12:19:03Z,30793,7971,26529
2026-05-07T12:19:33Z,30793,7971,26539
2026-05-07T12:20:03Z,30806,7971,26552
2026-05-07T12:20:34Z,30823,7971,26565
2026-05-07T12:21:04Z,30842,7971,26577
2026-05-07T12:21:34Z,30867,7972,26590
2026-05-07T12:22:05Z,30882,7972,26602
2026-05-07T12:22:35Z,30892,7972,26608
2026-05-07T12:23:05Z,30896,7972,26617
2026-05-07T12:23:36Z,30911,7972,26626
2026-05-07T12:24:06Z,30940,7972,26634
2026-05-07T12:24:36Z,30955,7972,26642
2026-05-07T12:25:06Z,30972,7972,26649
2026-05-07T12:25:37Z,30997,7972,26658
2026-05-07T12:26:07Z,31010,7972,26667
2026-05-07T12:26:37Z,31037,7972,26675
2026-05-07T12:27:08Z,31044,7972,26684
2026-05-07T12:27:38Z,31049,7972,26691
2026-05-07T12:28:08Z,31067,7972,26701
2026-05-07T12:28:39Z,31094,7972,26709
2026-05-07T12:29:09Z,31108,7972,26718
2026-05-07T12:29:39Z,31126,7972,26726
2026-05-07T12:30:10Z,31155,7972,26735
2026-05-07T12:30:40Z,31155,7972,26744
2026-05-07T12:31:10Z,31171,7972,26752
2026-05-07T12:31:40Z,31195,7972,26762
2026-05-07T12:32:11Z,31209,7972,26768
2026-05-07T12:32:41Z,31209,7972,26777
2026-05-07T12:33:11Z,31225,7972,26786
2026-05-07T12:33:42Z,31245,7972,26794
2026-05-07T12:34:12Z,31272,7972,26801
2026-05-07T12:34:42Z,31286,7972,26803
2026-05-07T12:35:13Z,31298,7972,26806
2026-05-07T12:35:43Z,31313,7972,26811
2026-05-07T12:36:13Z,31328,7972,26815
2026-05-07T12:36:43Z,31349,7972,26819
2026-05-07T12:37:14Z,31375,7972,26824
2026-05-07T12:37:44Z,31384,7973,26829
2026-05-07T12:38:15Z,31396,7973,26832
2026-05-07T12:38:45Z,31409,7973,26841
2026-05-07T12:39:16Z,31413,7973,26850
2026-05-07T12:39:46Z,31442,7973,26860
2026-05-07T12:40:16Z,31462,7973,26868
2026-05-07T12:40:46Z,31484,7973,26878
2026-05-07T12:41:17Z,31496,7973,26885
2026-05-07T12:41:47Z,31507,7973,26894
2026-05-07T12:42:17Z,31509,7973,26904
2026-05-07T12:42:48Z,31536,7973,26914
2026-05-07T12:43:18Z,31551,7973,26928
2026-05-07T12:43:48Z,31566,7973,26937
2026-05-07T12:44:18Z,31576,7973,26946
2026-05-07T12:44:49Z,31596,7973,26954
2026-05-07T12:45:19Z,31612,7973,26968
2026-05-07T12:45:49Z,31639,7973,26982
2026-05-07T12:46:20Z,31656,7973,27001
2026-05-07T12:46:50Z,31679,7973,27022
2026-05-07T12:47:20Z,31693,7973,27028
2026-05-07T12:47:51Z,31697,7973,27037
2026-05-07T12:48:21Z,31709,7973,27047
2026-05-07T12:48:51Z,31725,7974,27058
2026-05-07T12:49:21Z,31738,7974,27067
2026-05-07T12:49:52Z,31755,7974,27076
2026-05-07T12:50:22Z,31772,7974,27180
2026-05-07T12:50:52Z,31791,7974,27190
2026-05-07T12:51:23Z,31818,7974,27211
2026-05-07T12:51:53Z,31818,7974,27220
2026-05-07T12:52:23Z,31831,7975,27230
2026-05-07T12:52:54Z,31844,7975,27237
2026-05-07T12:53:24Z,31858,7975,27252
2026-05-07T12:53:54Z,31875,7975,27287
2026-05-07T12:54:25Z,31884,7975,27310
2026-05-07T12:54:55Z,31902,7975,27373
2026-05-07T12:55:25Z,31918,7975,27437
2026-05-07T12:55:55Z,31947,7976,27504
2026-05-07T12:56:26Z,31960,7978,27566
2026-05-07T12:56:56Z,31975,7979,27600
2026-05-07T12:57:26Z,32004,7979,27629
2026-05-07T12:57:56Z,32021,7979,27639
2026-05-07T12:58:27Z,32028,7979,27663
2026-05-07T12:58:57Z,32042,7979,27701
2026-05-07T12:59:27Z,32050,7980,27741
2026-05-07T12:59:58Z,32065,7981,27778
2026-05-07T13:00:28Z,32089,7981,27816
2026-05-07T13:00:58Z,32096,7981,27854
2026-05-07T13:01:28Z,32108,7982,27895
2026-05-07T13:01:59Z,32125,7982,27936
2026-05-07T13:02:29Z,32136,7982,27970
2026-05-07T13:02:59Z,32138,7983,28008
2026-05-07T13:03:29Z,32162,7983,28048
2026-05-07T13:04:00Z,32181,7983,28085
2026-05-07T13:04:30Z,32196,7983,28124
2026-05-07T13:05:00Z,32225,7983,28163
2026-05-07T13:05:30Z,32241,7983,28190
2026-05-07T13:06:01Z,32255,7983,28216
2026-05-07T13:06:31Z,32261,7983,28239
2026-05-07T13:07:01Z,32284,7983,28263
2026-05-07T13:07:32Z,32298,7984,28288
2026-05-07T13:08:02Z,32313,7984,28312
2026-05-07T13:08:32Z,32340,7984,28338
2026-05-07T13:09:02Z,32356,7984,28363
2026-05-07T13:09:33Z,32378,7984,28384
2026-05-07T13:10:03Z,32404,7984,28407
2026-05-07T13:10:33Z,32420,7984,28426
2026-05-07T13:11:03Z,32435,7984,28444
2026-05-07T13:11:34Z,32451,7984,28462
2026-05-07T13:12:04Z,32479,7984,28481
2026-05-07T13:12:34Z,32494,7984,28499
2026-05-07T13:13:05Z,32510,7984,28517
2026-05-07T13:13:35Z,32526,7984,28537
2026-05-07T13:14:05Z,32541,7984,28554
2026-05-07T13:14:36Z,32565,7984,28574
2026-05-07T13:15:06Z,32580,7984,28592
2026-05-07T13:15:36Z,32591,7984,28611
2026-05-07T13:16:06Z,32604,7984,28627
2026-05-07T13:16:37Z,32604,7984,28646
2026-05-07T13:17:07Z,32619,7984,28666
2026-05-07T13:17:37Z,32636,7984,28685
2026-05-07T13:18:07Z,32649,7984,28705
2026-05-07T13:18:38Z,32676,7984,28723
2026-05-07T13:19:08Z,32678,7984,28741
2026-05-07T13:19:38Z,32691,7984,28760
2026-05-07T13:20:09Z,32720,7984,28776
2026-05-07T13:20:39Z,32733,7984,28802
2026-05-07T13:21:09Z,32749,7984,28829
2026-05-07T13:21:39Z,32775,7984,28858
2026-05-07T13:22:10Z,32790,7984,28889
2026-05-07T13:22:40Z,32816,7984,28919
2026-05-07T13:23:10Z,32817,7984,28950
2026-05-07T13:23:40Z,32828,7984,28983
2026-05-07T13:24:11Z,32835,7984,29012
2026-05-07T13:24:41Z,32837,7984,29043
2026-05-07T13:25:11Z,32854,7984,29073
2026-05-07T13:25:42Z,32870,7984,29107
2026-05-07T13:26:12Z,32898,7984,29143
2026-05-07T13:26:42Z,32911,7984,29173
2026-05-07T13:27:12Z,32926,7984,29205
2026-05-07T13:27:43Z,32940,7984,29238
2026-05-07T13:28:13Z,32951,7984,29267
2026-05-07T13:28:43Z,32967,7985,29295
2026-05-07T13:29:14Z,32982,7985,29326
2026-05-07T13:29:44Z,32994,7985,29353
2026-05-07T13:30:14Z,33011,7985,29382
2026-05-07T13:30:44Z,33025,7985,29413
2026-05-07T13:31:15Z,33040,7985,29445
2026-05-07T13:31:45Z,33053,7985,29476
2026-05-07T13:32:15Z,33063,7985,29508
2026-05-07T13:32:45Z,33079,7985,29539
2026-05-07T13:33:16Z,33094,7985,29569
2026-05-07T13:33:46Z,33108,7985,29601
2026-05-07T13:34:16Z,33121,7985,29630
2026-05-07T13:34:47Z,33137,7986,29654
2026-05-07T13:35:17Z,33147,7986,29676
2026-05-07T13:35:47Z,33166,7986,29698
2026-05-07T13:36:18Z,33183,7986,29722
2026-05-07T13:36:48Z,33200,7986,29747
2026-05-07T13:37:18Z,33216,7986,29771
2026-05-07T13:37:48Z,33237,7986,29795
2026-05-07T13:38:19Z,33240,7986,29818
2026-05-07T13:38:49Z,33255,7986,29843
2026-05-07T13:39:19Z,33273,7986,29867
2026-05-07T13:39:49Z,33288,7986,29892
2026-05-07T13:40:20Z,33309,7986,29916
2026-05-07T13:40:50Z,33310,7986,29941
2026-05-07T13:41:20Z,33310,7986,29966
2026-05-07T13:41:51Z,33322,7986,29991
2026-05-07T13:42:21Z,33338,7986,30017
2026-05-07T13:42:51Z,33359,7986,30042
2026-05-07T13:43:21Z,33377,7986,30067
2026-05-07T13:43:52Z,33378,7986,30091
2026-05-07T13:44:22Z,33378,7987,30118
2026-05-07T13:44:52Z,33378,7987,30142
2026-05-07T13:45:23Z,33378,7987,30165
2026-05-07T13:45:53Z,33378,7987,30186
2026-05-07T13:46:24Z,33378,7987,30206
2026-05-07T13:46:54Z,33378,7987,30231
2026-05-07T13:47:24Z,33378,7987,30256
2026-05-07T13:47:55Z,33378,7987,30281
2026-05-07T13:48:25Z,33378,7987,30305
2026-05-07T13:48:55Z,33378,7987,30329
2026-05-07T13:49:26Z,33378,7988,30351
2026-05-07T13:49:56Z,33378,7988,30376
2026-05-07T13:50:27Z,33378,7988,30399
2026-05-07T13:50:57Z,33378,7989,30423
2026-05-07T13:51:28Z,33378,7990,30446
2026-05-07T13:51:58Z,33378,7990,30469
2026-05-07T13:52:28Z,33378,7992,30494
2026-05-07T13:52:59Z,33378,7992,30519
2026-05-07T13:53:29Z,33379,7992,30542
2026-05-07T13:54:00Z,33379,7992,30569
2026-05-07T13:54:30Z,33380,7992,30597
2026-05-07T13:55:01Z,33380,7992,30627
2026-05-07T13:55:31Z,33382,7992,30658
2026-05-07T13:56:01Z,33397,7992,30688
2026-05-07T13:56:31Z,33433,7992,30718
2026-05-07T13:57:02Z,33463,7992,30746
2026-05-07T13:57:32Z,33484,7992,30774
2026-05-07T13:58:02Z,33501,7992,30805
2026-05-07T13:58:33Z,33530,7992,30833
2026-05-07T13:59:03Z,33543,7992,30862
2026-05-07T13:59:33Z,33557,7992,30891
2026-05-07T14:00:03Z,33571,7992,30923
2026-05-07T14:00:34Z,33587,7992,30954
2026-05-07T14:01:04Z,33612,7992,30982
2026-05-07T14:01:34Z,33631,7992,31010
2026-05-07T14:02:04Z,33669,7992,31043
2026-05-07T14:02:35Z,33680,7992,31075
2026-05-07T14:03:05Z,33693,7992,31107
2026-05-07T14:03:35Z,33707,7992,31137
2026-05-07T14:04:06Z,33718,7992,31167
2026-05-07T14:04:36Z,33741,7992,31197
2026-05-07T14:05:06Z,33755,7992,31230
2026-05-07T14:05:36Z,33775,7992,31263
2026-05-07T14:06:07Z,33800,7992,31297
2026-05-07T14:06:37Z,33828,7992,31333
2026-05-07T14:07:07Z,33833,7992,31364
2026-05-07T14:07:37Z,33858,7992,31398
2026-05-07T14:08:08Z,33875,7992,31431
2026-05-07T14:08:38Z,33900,7992,31460
2026-05-07T14:09:08Z,33911,7992,31491
2026-05-07T14:09:39Z,33925,7992,31518
2026-05-07T14:10:09Z,33950,7992,31551
2026-05-07T14:10:39Z,33974,7992,31581
2026-05-07T14:11:10Z,34004,7992,31609
2026-05-07T14:11:40Z,34015,7992,31636
2026-05-07T14:12:10Z,34029,7992,31669
2026-05-07T14:12:41Z,34062,7992,31702
2026-05-07T14:15:06Z,34151,7992,31784
2026-05-07T14:15:36Z,34155,7992,31817
2026-05-07T14:16:07Z,34177,7992,31850
2026-05-07T14:16:37Z,34198,7993,31886
2026-05-07T14:17:07Z,34222,7993,31919
2026-05-07T14:17:39Z,34242,7993,31952
2026-05-07T14:18:09Z,34269,7993,31982
2026-05-07T14:18:40Z,34285,7993,32014
2026-05-07T14:19:10Z,34303,7993,32048
2026-05-07T14:19:40Z,34307,7993,32083
2026-05-07T14:20:11Z,34320,7994,32114
2026-05-07T14:20:41Z,34349,7994,32149
2026-05-07T14:21:11Z,34362,7994,32180
2026-05-07T14:21:42Z,34362,7994,32210
2026-05-07T14:22:12Z,34362,7994,32244
2026-05-07T14:22:42Z,34374,7994,32275
2026-05-07T14:23:12Z,34387,7994,32310
2026-05-07T14:23:43Z,34402,7994,32348
2026-05-07T14:24:13Z,34428,7994,32385
2026-05-07T14:24:43Z,34432,7994,32418
2026-05-07T14:25:14Z,34443,7994,32453
2026-05-07T14:25:44Z,34445,7994,32487
2026-05-07T14:26:14Z,34477,7994,32521
2026-05-07T14:26:45Z,34496,7994,32555
2026-05-07T14:27:15Z,34514,7994,32588
2026-05-07T14:27:45Z,34534,7994,32621
2026-05-07T14:28:16Z,34535,7994,32655
2026-05-07T14:28:46Z,34536,7994,32692
2026-05-07T14:29:16Z,34536,7995,32727
2026-05-07T14:29:46Z,34536,7995,32759
2026-05-07T14:30:17Z,34557,7995,32795
2026-05-07T14:30:47Z,34595,7995,32829
2026-05-07T14:31:17Z,34614,7995,32861
2026-05-07T14:31:48Z,34616,7995,32891
2026-05-07T14:32:18Z,34635,7995,32925
2026-05-07T14:32:48Z,34676,7995,32960
2026-05-07T14:33:19Z,34716,7995,32991
2026-05-07T14:33:49Z,34739,7995,33028
2026-05-07T14:34:19Z,34764,7995,33066
2026-05-07T14:34:49Z,34806,7995,33103
2026-05-07T14:35:20Z,34824,7995,33135
2026-05-07T14:35:50Z,34832,7996,33172
2026-05-07T14:36:20Z,34871,7996,33210
2026-05-07T14:36:51Z,34899,7996,33247
2026-05-07T14:37:21Z,34941,7996,33287
2026-05-07T14:37:51Z,34970,7996,33324
2026-05-07T14:44:08Z,35210,7996,33521
2026-05-07T14:44:39Z,35212,7996,33570
2026-05-07T14:45:09Z,35238,7996,33631
2026-05-07T14:45:39Z,35279,7996,33695
2026-05-07T14:46:09Z,35301,7996,33763
2026-05-07T14:46:40Z,35318,7996,33829
2026-05-07T14:47:10Z,35340,7996,33893
2026-05-07T14:47:40Z,35363,7996,33956
2026-05-07T14:48:11Z,35394,7996,34018
2026-05-07T14:48:41Z,35405,7996,34076
2026-05-07T14:49:11Z,35427,7996,34140
2026-05-07T14:49:41Z,35466,7996,34204
2026-05-07T14:50:12Z,35494,7996,34267
2026-05-07T14:50:42Z,35514,7996,34330
2026-05-07T14:51:12Z,35548,7996,34391
2026-05-07T14:51:43Z,35577,7996,34451
2026-05-07T14:52:13Z,35603,7996,34510
2026-05-07T14:52:43Z,35625,7996,34570
2026-05-07T14:53:14Z,35662,7996,34631
2026-05-07T14:53:44Z,35693,7996,34691
2026-05-07T14:54:14Z,35722,7996,34755
2026-05-07T14:54:44Z,35761,7996,34814
2026-05-07T14:55:15Z,35783,8009,34847
2026-05-07T14:55:45Z,35807,8038,34882
2026-05-07T14:56:15Z,35845,8068,34914
2026-05-07T14:56:46Z,35874,8096,34947
2026-05-07T14:57:16Z,35899,8124,34979
2026-05-07T14:57:46Z,35942,8152,35014
2026-05-07T14:58:17Z,35965,8180,35048
2026-05-07T14:58:47Z,36009,8207,35081
2026-05-07T14:59:17Z,36035,8234,35115
2026-05-07T14:59:48Z,36078,8261,35147
2026-05-07T15:00:18Z,36106,8289,35179
2026-05-07T15:00:48Z,36141,8317,35216
2026-05-07T15:01:18Z,36169,8345,35249
2026-05-07T15:01:49Z,36189,8374,35283
2026-05-07T15:02:19Z,36223,8402,35316
2026-05-07T15:02:49Z,36246,8432,35350
2026-05-07T15:03:20Z,36286,8461,35383
2026-05-07T15:03:50Z,36308,8489,35415
2026-05-07T15:04:20Z,36350,8517,35453
2026-05-07T15:04:51Z,36379,8545,35492
2026-05-07T15:05:21Z,36419,8573,35530
2026-05-07T16:18:58Z,58511,12043,37605
2026-05-07T16:19:28Z,58511,12084,37642
2026-05-07T16:19:58Z,58512,12110,37677
2026-05-07T16:20:28Z,58514,12137,37717
2026-05-07T16:20:59Z,58516,12166,37752
2026-05-07T16:21:29Z,58517,12195,37794
2026-05-07T16:21:59Z,58519,12224,37834
2026-05-07T16:22:30Z,58521,12252,37868
2026-05-07T16:23:00Z,58522,12280,37909
2026-05-07T16:23:30Z,58522,12308,37948
2026-05-07T16:24:01Z,58522,12335,37987
2026-05-07T16:24:31Z,58522,12363,38029
2026-05-07T16:25:01Z,58522,12390,38071
2026-05-07T16:25:31Z,58522,12418,38109
2026-05-07T16:26:02Z,58523,12447,38150
2026-05-07T16:26:32Z,58523,12474,38186
2026-05-07T16:27:02Z,58525,12503,38218
2026-05-07T16:27:32Z,58525,12517,38265
2026-05-07T16:28:03Z,58525,12517,38292
2026-05-07T16:28:33Z,58527,12517,38307
2026-05-07T16:29:03Z,58529,12517,38322
2026-05-07T16:29:34Z,58529,12517,38337
2026-05-07T16:30:04Z,58529,12517,38354
2026-05-07T16:30:34Z,58529,12517,38441
2026-05-07T16:31:05Z,58529,12517,38576
